person_id,mean step length,median step length,std step length,min step length,max step length,mean step duration,median step duration,std step duration,min step duration,max step duration,number points,total duration
10340900,567.79419174968,490.32353001450565,470.1418095777824,6.799577936392791,1607.8208243018937,1.0,1.0,0.0,1.0,1.0,253,0:04:12
10383900,451.11582789950995,404.5241954933588,295.19596569787325,24.617507665754527,940.3732587956605,1.0,1.0,0.0,1.0,1.0,33,0:00:32
10394301,333.61479193537167,232.1296641068341,291.76532200881655,60.122808942799466,1599.663740175621,1.0,1.0,0.0,1.0,1.0,38,0:00:37
10410100,301.81375984420004,98.72707393561024,332.2988329744095,13.426481600302639,1031.0323637063102,1.0,1.0,0.0,1.0,1.0,51,0:00:50
10001800,1031.71926388169,1243.8764862624798,551.8213621564441,1.4334529814261157,1733.6281556658346,1.0,1.0,0.0,1.0,1.0,38,0:00:37
10312900,974.7003567823584,1079.9208976510745,503.2024951201176,39.20606252714331,1965.3799698607884,1.0,1.0,0.0,1.0,1.0,53,0:00:52
10005800,126.72672378600993,84.72037527583862,151.8001737146624,2.0615528128088303,1368.9463912886513,1.0,1.0,0.0,1.0,1.0,1939,0:32:18
