person_id,mean stop duration,median stop duration,std stop duration,min stop duration,max stop duration,number stops,avg P/D
10340900,36.5,24.0,26.622359023948274,16.0,82.0,4,1.0
10383900,10.5,10.5,0.5,10.0,11.0,2,1.0
10394301,18.0,18.0,6.0,12.0,24.0,2,1.0
10410100,21.0,21.0,3.0,18.0,24.0,2,1.0
10001800,11.0,11.0,0.0,11.0,11.0,1,1.0
10312900,12.0,12.0,0.0,12.0,12.0,1,1.0
10005800,628.3333333333334,18.0,868.096128829572,11.0,1856.0,3,1.0
